 	32	16333536
e	69	9852263
t	84	6715779
o	79	6238664
a	65	6103837
BKSP	8	5998039
i	73	5417782
n	78	5310714
s	83	4753570
r	82	4336618
SHIFT	16	4015371
h	72	3630472
l	76	3289132
d	68	2739621
u	85	2300865
	32	1943398
c	67	1921538
.	190	1898766
y	89	1845967
m	77	1831222
w	87	1752061
g	71	1606232
f	70	1455028
p	80	1382079
	69	1187786
b	66	1042908
v	86	910765
k	75	909197
	84	861292
	79	759661
	65	751564
	73	732930
CAPS_LOCK	20	703976
I	73	692663
\x08	8	648404
	78	646758
	83	597330
	82	526736
T	84	469551
	72	463742
	76	405152
'	222	397286
	68	343062
,	188	328376
	85	283240
W	87	269859
	67	247494
	87	241916
	77	241267
H	72	237133
	190	233418
S	83	230746
	89	229363
?	191	210262
	71	201005
	70	185443
	80	181482
A	65	176013
M	77	173730
x	88	150795
	66	141805
C	67	137490
B	66	134454
P	80	130980
D	68	126759
j	74	120035
	75	114206
	86	111282
L	76	101590
F	70	98703
N	78	96250
O	79	92483
J	74	90682
E	69	83768
ARW_LEFT	37	80779
q	81	79962
G	71	66620
-	189	63253
Y	89	62877
R	82	60074
;	186	53350
/	191	51933
	222	51812
1	49	51453
U	85	49020
0	48	47909
ARW_RIGHT	39	44104
=	187	43581
K	75	40244
	188	39831
2	50	33030
	191	31441
z	90	29254
CTRL	17	28137
!	49	28027
	74	25692
\\	220	22559
3	51	21022
	88	18737
9	57	18589
4	52	18512
V	86	18408
'	192	18320
5	53	16829
>	190	13923
o	73	13835
6	54	13744
7	55	10835
	81	10628
i	85	10029
	49	9317
8	56	9153
h	84	9062
y	84	9026
 	69	8776
r	69	8706
i	79	8610
p	79	8582
0	96	7999
r	84	7951
	173	7842
%	37	7789
	59	7462
t	82	7423
1	97	7364
[	219	7253
e	72	6849
y	85	6419
u	73	6380
u	89	6305
Q	81	6107
o	80	6047
INSERT	45	5979
"	222	5839
e	87	5740
	48	5598
NUM_LK	144	5513
n	66	4972
2	98	4964
.	110	4811
DELETE	46	4804
.	188	4746
Z	90	4729
e	82	4715
n	77	4667
a	72	4581
o	84	4556
	61	4501
h	71	4447
 	84	4402
m	78	4393
/	190	4343
]	221	4334
'	39	4274
s	65	4258
	90	4168
t	89	4087
l	75	3945
	50	3926
=	8	3895
X	88	3676
t	32	3647
w	69	3591
 	78	3487
3	99	3304
4	100	3302
ALT	18	3129
j	72	3126
9	105	3006
d	83	2938
,	190	2920
	16	2910
;	76	2848
b	78	2834
'	219	2728
	220	2718
 	83	2691
h	69	2680
v	67	2678
?	16	2676
,	77	2661
 	68	2659
:	186	2651
\\	8	2599
g	78	2580
e	32	2576
5	101	2575
HOME	36	2543
s	73	2517
	51	2494
v	66	2469
f	68	2452
k	76	2452
g	72	2443
n	65	2433
i	222	2417
t	72	2411
<	188	2380
a	83	2358
.	191	2354
h	74	2335
n	32	2294
 	85	2274
	57	2258
	52	2255
I	16	2235
 	82	2214
i	84	2125
b	86	2113
o	82	2101
?	219	2057
 	16	2050
	53	2045
6	102	2045
f	71	2006
h	65	1964
7	103	1959
ARw_DOWN	40	1947
a	32	1888
ARW_UP	38	1858
r	79	1838
g	70	1837
l	65	1809
WIN	91	1799
'	191	1779
END	35	1728
	54	1705
o	89	1650
t	79	1537
a	76	1530
c	86	1494
[	80	1479
s	68	1419
	55	1418
l	186	1418
u	79	1410
e	76	1407
'	186	1404
o	67	1390
;	222	1387
	8	1372
e	77	1371
m	188	1344
 	76	1332
n	73	1322
e	78	1306
n	69	1292
 	65	1282
i	83	1258
d	78	1250
n	79	1238
s	32	1238
 	71	1233
d	70	1221
T	16	1215
w	79	1203
S	16	1175
MENU	93	1171
o	87	1163
	96	1160
-	109	1158
	56	1158
8	104	1145
n	71	1139
	97	1133
	219	1127
_	189	1104
 	79	1077
h	89	1060
a	78	1058
A	16	1052
W	16	1048
@	50	1038
y	65	1031
y	72	1021
d	69	1012
t	73	1007
e	68	1004
O	73	975
s	85	963
o	78	960
i	65	949
c	88	942
d	32	940
r	32	922
p	219	920
 	77	918
l	69	917
b	32	903
i	87	902
`	192	893
m	32	884
o	70	880
o	83	863
g	84	859
t	71	854
{	219	842
 	66	827
i	72	822
#	222	822
w	32	810
f	79	809
k	74	796
-	45	786
m	69	782
 	70	766
l	79	757
I	85	756
?	190	751
 	20	740
A	20	739
	98	734
w	81	733
d	76	698
I	20	698
PG_DOWN	34	694
o	32	687
M	16	686
s	79	678
 	89	667
t	78	661
e	83	659
'	52	651
j	75	650
e	86	650
r	85	643
t	65	638
o	76	636
n	68	629
	0	619
w	83	617
>	191	617
g	32	617
 	72	608
m	65	608
PG_UP	33	606
q	87	594
x	67	593
q	65	591
	110	591
a	77	585
3	69	585
a	81	584
 	87	584
s	87	580
e	66	575
U	73	572
H	16	572
u	83	572
	100	564
?	187	559
r	65	558
s	69	545
B	16	542
l	32	537
e	75	528
e	8	527
u	32	524
	99	521
.	46	512
a	69	510
D	16	509
?	188	509
a	8	506
P	16	500
E	87	495
C	16	495
i	78	492
S	65	481
i	32	478
o	85	477
 	67	475
F	16	471
\x08	61	469
k	69	466
I	79	462
F12	123	461
	105	458
a	73	451
4	69	446
i	82	444
n	74	438
l	68	437
Y	84	436
	20	436
.	76	432
o	68	429
c	32	428
+	187	427
f	32	426
J	72	426
l	190	426
j	78	423
e	51	422
k	67	418
y	32	415
	101	409
n	72	408
h	83	407
 	73	405
h	32	403
	221	403
'	55	403
t	83	402
c	79	397
e	84	394
k	73	383
i	68	383
a	84	382
n	84	382
9	73	379
y	79	374
R	84	373
v	32	371
H	74	370
t	69	368
L	16	363
a	87	362
m	79	359
h	67	359
a	89	358
h	20	357
h	78	355
'	188	353
t	85	352
l	73	351
a	66	350
i	69	350
d	67	350
f	82	349
0	189	344
 	86	344
A	83	343
0	79	339
|	220	338
e	67	338
u	82	337
r	8	337
P	79	334
i	75	334
.	69	333
y	82	333
e	73	332
o	71	330
´	222	327
 	75	327
c	68	327
O	80	321
PAUSE	19	320
J	16	318
o	72	317
\\	226	317
i	70	314
r	73	314
;	190	311
a	67	310
k	78	309
v	65	305
c	73	304
h	66	304
N	16	304
H	71	302
r	70	301
a	82	301
s	8	301
$	36	300
	102	299
d	73	299
v	79	298
b	65	294
N	66	293
H	84	287
o	20	284
a	80	282
e	89	281
i	71	281
s	78	280
t	8	280
w	73	279
	103	277
o	66	266
j	85	266
@	192	264
D	83	263
-	48	263
W	81	262
	163	260
G	16	259
e	80	258
k	77	258
l	80	256
k	32	255
i	76	254
n	75	254
.	83	251
O	16	249
Q	87	249
<	77	246
f	67	245
\x08	220	244
\x08	16	242
E	16	242
9	79	242
w	65	242
i	20	240
(	40	240
k	65	238
F11	122	237
h	87	236
%	53	234
v	69	234
c	8	232
|	16	232
LITERAL_TAB	73	231
d	8	230
c	65	230
T	82	227
W	69	225
f	73	224
¿	221	222
8	73	221
n	83	220
o	77	220
u	74	217
d	79	217
v	8	215
T	20	214
=	48	214
.	186	212
e	65	212
'	32	209
g	66	207
p	65	207
T	89	206
F	71	205
i	67	202
'	50	202
y	69	200
l	188	199
g	85	198
ESC	27	197
.	82	196
p	32	193
a	68	193
V	66	193
F	68	192
x	90	190
p	69	190
#	35	186
'	220	185
H	20	183
	104	182
	109	181
G	70	181
&	38	181
b	72	180
?	54	179
G	72	178
	192	178
b	71	177
b	69	177
$	52	176
)	48	175
-	187	175
t	222	174
M	20	174
e	52	174
Z	16	174
u	84	171
g	73	171
c	78	170
5	84	169
s	88	167
'	49	167
N	77	163
R	16	161
L	75	161
m	75	161
s	72	160
S	68	160
V	67	159
@	49	155
o	86	154
 	190	153
~	192	153
>	16	152
d	65	152
o	57	152
k	82	151
a	86	151
r	80	150
s	75	149
ñ	192	149
[	222	149
6	84	148
z	88	148
}	191	148
"	16	146
2	49	145
e	71	143
c	70	143
x	83	143
w	8	142
	171	142
s	84	141
*	56	141
j	77	140
,	76	140
h	73	140
K	74	138
M	78	137
B	78	136
i	56	136
#	51	136
a	71	134
o	69	134
i	57	133
c	72	133
g	8	132
 	80	132
LITERAL_LF	13	132
=	189	132
c	75	131
 	188	131
m	73	129
k	79	129
f	86	128
!	16	127
c	69	126
m	74	126
¡	221	126
z	65	125
s	76	124
,	75	123
?	186	123
(	57	122
B	86	121
w	72	121
D	70	120
o	48	119
4	82	119
R	69	118
n	82	118
8	85	117
.	68	117
a	20	117
3	50	116
a	79	116
?	193	116
;	79	115
S	87	115
Y	16	115
o	75	114
;	80	114
p	76	113
e	79	113
0	80	112
i	86	112
/	111	112
C	88	112
 	8	112
n	67	111
U	16	111
6	53	110
u	71	108
t	20	108
e	70	107
g	65	106
'	84	106
y	76	106
p	85	105
M	188	105
SCR_LK	145	105
?	83	105
d	88	104
.	84	104
0	57	104
4	51	104
"	50	104
&	55	103
o	8	102
v	70	101
b	79	101
m	82	101
s	190	101
TAB	9	101
:	76	100
l	83	99
Y	85	99
r	52	99
O	20	98
f	8	98
S	20	98
o	65	98
y	8	98
P	20	97
ä	222	97
U	89	97
n	85	97
;	191	96
u	70	96
:	190	96
B	20	95
K	16	95
?	223	95
g	79	94
v	73	94
]	93	93
i	77	93
G	84	93
T	72	92
l	67	91
k	188	91
g	86	90
k	83	90
W	20	90
5	82	90
t	75	90
{	222	89
l	20	89
!	50	89
^	54	88
L	20	88
9	56	87
{	80	87
b	8	87
;	192	87
]	8	87
	63	87
L	186	86
W	83	86
+	107	85
4	53	84
e	85	84
É	191	83
v	71	83
p	83	83
x	68	82
h	82	81
J	75	80
N	20	80
r	89	80
a	90	79
s	90	79
-	80	79
 	231	78
K	76	77
3	87	77
	17	77
u	68	76
7	89	75
NUM_3	99	75
j	32	75
a	75	75
l	89	74
X	67	74
t	53	74
n	76	74
:	191	74
p	82	74
"	34	73
?	73	73
\\	222	72
ö	192	72
J	20	72
s	186	71
7	85	71
T	71	71
C	86	71
}	221	70
1	50	70
E	82	69
z	83	69
-	190	69
;	188	68
p	48	68
r	53	67
?	222	67
´	186	67
.	89	66
l	66	66
e	190	65
u	20	65
9	48	65
c	85	65
NUM_0	96	64
s	89	64
5	52	63
\x14	20	63
 	175	63
è	192	62
2	87	62
{	123	62
h	79	62
?	76	62
f	69	61
-	54	61
i	74	61
\\	221	61
/	186	61
p	186	60
-	8	60
]	220	60
8	55	60
P	219	59
y	83	59
6	89	58
h	8	58
s	82	58
NUM_1	97	57
?	77	57
"	191	55
,	32	55
NUM_4	100	55
'	78	55
r	75	54
n	20	54
é	20	54
u	67	53
¶	182	53
C	20	53
u	65	53
p	8	53
x	8	53
|	226	53
K	73	52
F	20	52
#	191	52
g	69	52
u	55	52
<	226	52
é	191	52
u	80	52
F4	115	52
l	85	51
.	32	51
p	73	51
ç	191	51
i	8	50
y	68	50
l	8	50
l	82	50
.	189	50
NUM_2	98	50
o	186	50
e	20	49
.	16	49
M	65	49
V	16	48
2	51	48
y	55	48
f	78	48
m	20	47
s	80	47
o	74	47
]	187	47
D	20	47
Ä	222	47
u	56	47
)	57	47
·	183	46
 	74	46
(	56	46
r	78	46
r	72	45
NUM_9	105	45
b	77	44
(	73	44
Y	72	44
H	89	44
8	57	44
NUM_ADD	107	44
	107	44
\x1B	27	43
/	222	43
n	87	43
6	55	43
a	85	43
u	66	43
a	70	43
5	54	43
?	87	43
t	54	43
NUM_SUB	109	43
j	73	42
f	65	42
LITERAL_LF	77	42
i	89	41
!	223	41
A	81	41
\x02	66	41
r	83	40
=	221	40
p	189	39
l	70	39
s	222	39
NUM_6	102	38
E	20	38
*	106	38
r	68	38
e	74	38
I	32	38
r	77	38
PAUSE	126	38
B	71	37
r	190	37
&	54	37
~	16	37
~	49	37
;	187	37
¨	222	37
NUM_5	101	36
l	84	36
l	77	36
u	72	36
!	192	36
`	223	36
?	189	36
w	50	35
t	68	35
z	122	35
p	77	35
7	56	35
3	52	35
d	72	35
e	175	35
r	71	34
i	80	34
u	78	34
NUM_8	104	34
G	66	34
d	85	34
L	73	34
s	77	34
U	20	34
\x01	65	33
	18	33
7	54	33
w	78	33
Q	65	33
j	8	33
n	70	33
\x19	89	32
a	91	32
PRT_SC	124	32
u	69	32
]	16	32
u	81	32
K	77	32
;	77	32
i	219	32
Y	20	31
d	190	31
O	67	31
t	76	31
R	20	31
!	33	31
I	75	30
z	84	30
O	68	30
a	74	30
d	84	30
p	20	30
f	85	30
w	188	30
"	51	30
I	255	30
r	76	29
H	66	29
t	67	29
c	76	28
b	76	28
#	192	28
NUM_7	103	28
l	74	28
A	77	28
?	48	28
/	55	28
\x1C	219	28
u	76	27
\\	13	27
U	83	27
d	82	27
\x08	17	27
\\	219	27
\x08	69	27
*	187	27
j	79	27
\x08	20	26
=	219	26
ø	222	26
	170	26
+	8	26
t	190	26
*	73	26
}	8	26
?	82	26
p	88	26
v	78	26
k	8	26
H	87	25
h	85	25
m	83	25
`	49	25
j	69	25
"	186	25
:	222	25
I	56	25
'	83	24
f	89	24
<	220	24
ý	89	24
1	192	24
w	20	24
y	66	24
m	89	24
y	77	24
#	8	24
a	175	24
f	76	23
I	57	23
N	65	23
r	66	23
á	65	23
\x13	83	23
w	51	23
r	87	23
Ñ	192	23
b	85	23
i	66	23
,	69	23
n	175	23
a	169	23
é	69	22
>	188	22
D	67	22
-	219	22
F1	112	22
Q	16	22
~	222	22
S	85	22
W	65	22
ì	221	22
F	67	22
L	67	22
t	175	22
s	175	22
G	20	21
;	85	21
H	69	21
u	186	21
j	20	21
l	78	21
e	188	21
K	20	21
H	83	21
´	32	21
'	16	21
D	69	21
(	53	20
f	84	20
E	72	20
l	86	20
?	92	20
B	32	20
c	83	20
,	82	20
C	68	20
ò	192	20
z	8	20
X	90	20
m	76	20
s	20	20
H	67	19
ö	76	19
l	192	19
F10	121	19
!	56	19
A	72	19
b	20	19
t	80	19
æ	222	19
N	32	19
?	84	19
k	68	19
d	75	18
:	16	18
y	186	18
1	98	18
b	73	18
y	20	18
O	89	18
E	68	18
'	90	18
;	89	18
y	54	18
.	8	18
m	66	18
\x08	45	18
D	79	17
!	81	17
v	76	17
R	70	17
4	97	17
A	87	17
;	32	17
ù	192	17
_	16	17
m	186	17
N	74	17
Q	49	17
g	89	17
J	78	17
k	86	17
u	8	17
k	85	17
ù	191	17
¥	0	17
i	175	17
y	80	16
.	93	16
n	80	16
ñ	76	16
j	65	16
*	220	16
ä	191	16
`	219	16
\x08	65	16
3	110	16
F	82	16
T	255	16
h	175	16
o	175	16
m	80	15
;	78	15
r	20	15
T	65	15
d	77	15
O	83	15
ü	186	15
 	191	15
,	83	15
;	73	15
L	79	15
0	49	15
S	8	15
I	68	15
å	221	15
:	80	15
0	110	15
b	89	15
v	190	15
J	85	15
2	97	15
F2	113	15
	83	15
r	175	15
y	73	14
	60	14
ç	220	14
w	84	14
NUM_DIVIDE	111	14
j	84	14
\x13	19	14
p	84	14
\x08	221	14
[	221	14
t	88	14
y	78	14
M	32	14
&	16	14
g	20	14
-	221	14
#	87	14
\x08	82	14
S	90	14
c	20	14
;	65	14
'	8	14
2	99	14
1	81	14
s	67	14
I	71	14
[	187	14
"	192	14
O	76	14
¿	8	13
Z	83	13
A	84	13
y	71	13
n	8	13
	91	13
I	74	13
d	89	13
k	89	13
q	32	13
p	89	13
q	85	13
C	79	13
.	71	13
A	78	13
.	99	13
I	84	13
\x08	32	13
.	75	13
	175	13
t	87	13
 	186	13
\x0C	12	13
¨	186	13
0	97	13
q	49	13
0	219	13
k	72	13
\x0C	76	12
c	84	12
!	52	12
F9	120	12
b	82	12
.	87	12
n	186	12
m	222	12
]	191	12
f	20	12
L	65	12
y	75	12
/	92	12
C	72	12
?	231	11
d	87	11
S	91	11
w	68	11
J	77	11
D	73	11
H	78	11
'	76	11
^	84	11
«	221	11
ö	186	11
NUM_MULT	106	11
;	72	11
(	79	11
C	32	11
"	32	11
B	72	11
l	72	11
?	72	11
[	189	11
<	190	11
?	78	11
@	16	11
'	77	11
æ	192	11
j	76	11
´	219	11
l	71	11
S	73	11
t	70	11
E	51	11
S	255	11
E	78	11
H	255	11
p	74	10
>	226	10
Z	88	10
y	190	10
ó	187	10
a	88	10
8	101	10
I	76	10
s	188	10
x	80	10
é	50	10
\\	65	10
a	186	10
u	75	10
x	65	10
4	103	10
i	186	10
.	92	10
à	220	10
e	186	10
'	81	10
f	83	10
N	69	10
W	72	10
ç	186	10
z	85	10
S	79	10
	111	10
ß	219	10
x	89	10
1	96	10
M	75	10
e	255	10
\x06	70	10
 	255	10
!	222	10
h	70	9
¡	187	9
W	51	9
k	71	9
.	192	9
'	48	9
"	49	9
9	104	9
m	8	9
\x08	87	9
F	73	9
K	79	9
`	32	9
$	186	9
t	74	9
	220	9
m	84	9
	106	9
l	222	9
X	16	9
T	75	9
C	91	9
y	92	9
b	83	9
y	70	9
ç	192	9
n	89	9
<	16	9
\x17	87	9
g	75	9
A	8	9
g	77	9
,	68	9
W	50	9
¨	32	9
4	8	9
0	51	9
'	190	9
p	112	9
^	186	9
l	175	9
.	65	8
8	105	8
]	219	8
@	87	8
\x08	67	8
e	90	8
w	85	8
t	186	8
1	48	8
w	80	8
l	87	8
r	222	8
è	186	8
\x08	68	8
i	93	8
C	76	8
w	82	8
g	82	8
u	87	8
,	65	8
?	65	8
\x08	144	8
%	8	8
 	51	8
Å	221	8
a	16	8
?	69	8
5	100	8
h	80	8
?	79	8
,	87	8
\x08	83	8
|	8	8
w	77	8
\x08	79	8
k	20	8
U	74	8
.	78	8
d	20	8
j	80	8
'	80	8
C	70	8
N	72	8
0	8	8
P	255	8
M	255	8
L	255	8
C	255	8
3	98	8
E	76	8
\x10	0	8
\x15	85	8
/	20	8
I	83	8
o	81	8
)	189	8
F6	117	8
w	76	7
e	88	7
V	70	7
h	75	7
S	72	7
#	221	7
7	104	7
4	101	7
Z	65	7
7	100	7
]	13	7
A	80	7
 	81	7
T	32	7
;	69	7
L	80	7
m	87	7
%	84	7
"	190	7
	160	7
	38	7
ç	8	7
{	8	7
\x14	84	7
h	186	7
s	74	7
J	73	7
_	80	7
?	220	7
ø	192	7
@	81	7
 	252	7
q	8	7
t	66	7
\x03	67	7
 	88	7
'	69	7
h	68	7
o	93	7
*	186	7
0	98	7
¬	223	7
I	67	7
>	186	7
'	73	7
#	69	7
n	86	7
]	190	7
W	8	7
H	65	7
B	255	7
e	231	7
+	109	7
\x08	46	7
E	255	7
i	16	7
é	190	7
f	175	7
m	175	7
u	175	7
.	74	6
5	98	6
!	20	6
/	144	6
x	73	6
ç	76	6
«	226	6
B	8	6
F	79	6
È	192	6
P	186	6
T	8	6
s	71	6
F	86	6
 	49	6
u	90	6
a	188	6
d	74	6
#	220	6
	164	6
*	109	6
s	70	6
0	99	6
LITERAL_TAB	20	6
.	96	6
p	75	6
\x05	69	6
\\	187	6
E	77	6
A	76	6
O	77	6
/	193	6
A	90	6
 	54	6
\x7F	17	6
·	51	6
?	221	6
j	70	6
p	87	6
/	32	6
m	68	6
g	76	6
P	82	6
6	99	6
x	32	6
v	72	6
q	50	6
\x08	84	6
\x08	0	6
V	32	6
t	192	6
 	17	6
	93	6
2	32	6
-	32	6
§	223	6
o	88	6
'	40	6
-	106	6
T	73	6
p	70	6
'	187	6
1	100	6
/	8	6
I	70	6
S	84	6
i	231	6
t	255	6
a	255	6
r	67	6
	161	6
W	32	6
9	85	6
m	70	6
y	93	6
LITERAL_TAB	17	6
$	69	6
LITERAL_TAB	9	6
¨	16	6
g	180	6
)	79	6
c	175	6
a	177	6
;	74	6
)	80	5
T	83	5
H	82	5
O	72	5
a	220	5
é	186	5
?	93	5
 	189	5
p	72	5
Ä	191	5
s	192	5
S	32	5
O	82	5
;	83	5
o	90	5
\x08	70	5
k	190	5
$	8	5
°	219	5
\x0E	190	5
T	68	5
v	20	5
k	80	5
D	84	5
D	88	5
z	69	5
6	101	5
÷	73	5
T	53	5
,	84	5
K	72	5
I	87	5
F8	119	5
S	191	5
\x1A	90	5
t	231	5
O	84	5
´	191	5
o	222	5
z	73	5
q	84	5
*	191	5
O	70	5
'	221	5
A	73	5
n	188	5
^	221	5
\x08	73	5
¡	219	5
D	255	5
x	69	5
T	90	5
ö	191	5
?	85	5
h	86	5
P	65	5
,	78	5
w	231	5
r	231	5
i	255	5
q	69	5
P	83	5
V	65	5
I	78	5
?	32	5
°	220	5
/	192	5
d	66	5
\x08	66	5
;	84	5
`	186	5
h	255	5
ó	79	5
h	115	5
Ç	191	5
b	84	5
d	175	5
b	175	5
c	71	4
j	89	4
f	75	4
\\	90	4
ú	85	4
/	93	4
í	73	4
I	65	4
?	20	4
A	82	4
p	68	4
F	8	4
U	79	4
4	32	4
-	79	4
è	69	4
1	53	4
/	38	4
w	190	4
D	32	4
P	74	4
.	45	4
R	65	4
 	32	4
G	32	4
LITERAL_LF	17	4
E	74	4
.	70	4
=	82	4
6	8	4
M	74	4
i	90	4
j	82	4
Q	50	4
g	68	4
D	72	4
x	66	4
S	186	4
.	220	4
.	20	4
p	67	4
?	70	4
0	52	4
U	65	4
s	86	4
=	220	4
è	55	4
`	65	4
r	74	4
j	190	4
x	75	4
0	32	4
\x7F	91	4
`	220	4
M	69	4
c	74	4
'	20	4
w	88	4
m	71	4
Y	32	4
+	102	4
O	48	4
,	222	4
M	191	4
t	16	4
à	222	4
c	89	4
b	186	4
o	231	4
;	71	4
 	27	4
*	223	4
A	255	4
j	68	4
@	191	4
N	191	4
k	87	4
+	105	4
S	231	4
ñ	186	4
£	51	4
O	57	4
C	8	4
 	48	4
a	231	4
o	255	4
s	255	4
Í	73	4
[	192	4
g	74	4
X	83	4
å	80	4
w	75	4
-	84	4
i	88	4
+	49	4
S	88	4
I	86	4
^	222	4
k	70	4
	174	4
 	52	4
)	219	4
8	103	4
t	77	4
7	8	4
B	65	4
[	8	4
[	79	4
\x04	68	4
n	255	4
f	72	4
,	89	4
\x08	72	4
`	8	4
d	186	4
s	231	4
,	110	4
]	73	4
'	13	4
\x08	71	4
h	88	4
\x08	36	4
e	222	4
@	220	4
s	66	4
ç	190	4
ö	222	4
g	175	4
k	175	4
p	175	4
.	175	4
?	75	4
&	49	4
w	119	4
\x08	89	3
L	87	3
3	8	3
3	102	3
ç	57	3
A	32	3
§	192	3
I	222	3
	189	3
m	67	3
ü	80	3
V	20	3
n	222	3
O	66	3
t	90	3
ù	77	3
0	55	3
+	80	3
;	66	3
%	82	3
,	70	3
W	73	3
%	16	3
.	67	3
f	190	3
8	51	3
P	77	3
2	81	3
\x01	17	3
X	68	3
?	192	3
(	37	3
~	126	3
u	48	3
f	66	3
b	68	3
e	81	3
c	82	3
v	83	3
ç	67	3
?	86	3
.	72	3
J	67	3
W	188	3
G	89	3
 	220	3
L	188	3
L	68	3
O	74	3
y	57	3
\x11	81	3
'	85	3
O	71	3
]	79	3
j	83	3
|	222	3
 	219	3
o	219	3
h	16	3
G	86	3
M	79	3
(	39	3
\x0C	188	3
Z	8	3
J	84	3
_	48	3
$	82	3
>	76	3
:	84	3
V	71	3
.	13	3
7	84	3
2	96	3
e	27	3
4	84	3
:	66	3
(	16	3
	64	3
r	86	3
f	74	3
[	186	3
@	219	3
j	67	3
K	84	3
Ç	16	3
T	54	3
V	69	3
R	79	3
2	101	3
L	191	3
N	73	3
O	231	3
ü	221	3
b	87	3
x	79	3
6	71	3
:	79	3
´	84	3
1	223	3
\x08	74	3
k	255	3
l	255	3
5	8	3
g	190	3
H	90	3
*	57	3
u	86	3
`	27	3
¨	220	3
j	71	3
_	226	3
?	18	3
A	86	3
f	87	3
J	191	3
%	54	3
!	189	3
T	69	3
#	46	3
r	186	3
B	191	3
*	85	3
H	32	3
E	32	3
j	222	3
d	188	3
[	16	3
+	191	3
Y	79	3
A	75	3
¿	219	3
%	187	3
v	222	3
e	252	3
`	221	3
l	231	3
+	189	3
0	50	3
»	221	3
9	49	3
'	189	3
h	93	3
'	86	3
P	191	3
é	231	3
+	16	3
y	219	3
t	191	3
f	53	3
Ç	192	3
2	48	3
6	105	3
R	72	3
z	32	3
,	20	3
J	255	3
h	76	3
5	104	3
?	71	3
v	175	3
I	175	3
w	175	3
{	16	3
	40	3
(	84	3
ç	221	3
ù	8	3
q	83	3
e	177	3
´	77	3
E	65	3
'	0	3
p	221	3
;	70	2
 	50	2
L	77	2
C	83	2
3	72	2
\x0F	79	2
	37	2
U	84	2
F	72	2
a	219	2
|	191	2
w	89	2
º	220	2
 	13	2
+	52	2
)	16	2
ñ	79	2
â	65	2
m	192	2
2	226	2
í	226	2
¡	8	2
0	101	2
^	53	2
D	8	2
d	222	2
 	222	2
k	84	2
_	221	2
.	221	2
n	93	2
A	66	2
x	84	2
E	84	2
T	191	2
~	79	2
 	55	2
1	8	2
E	186	2
.	73	2
s	189	2
g	55	2
ù	226	2
T	87	2
$	45	2
\\	32	2
W	88	2
q	73	2
5	99	2
7	220	2
L	74	2
J	65	2
R	32	2
U	67	2
8	89	2
5	102	2
A	71	2
F	89	2
o	188	2
N	76	2
r	51	2
/	73	2
W	70	2
'	72	2
W	84	2
/	87	2
\x08	80	2
=	68	2
e	187	2
y	86	2
?	38	2
'	68	2
>	93	2
P	189	2
?	74	2
n	190	2
I	90	2
a	37	2
µ	16	2
ò	76	2
t	116	2
,	221	2
\x12	17	2
§	16	2
´	83	2
i	191	2
"	87	2
r	189	2
J	87	2
´	187	2
O	69	2
M	68	2
y	121	2
	84	2
¥	89	2
F7	118	2
Ï	73	2
"	83	2
´	76	2
A	69	2
y	188	2
d	80	2
E	75	2
¿	187	2
U	32	2
P	76	2
0	53	2
	58	2
g	191	2
F	255	2
W	255	2
t	13	2
Ö	192	2
t	187	2
þ	189	2
\x13	17	2
M	76	2
N	231	2
E	231	2
W	231	2
U	231	2
%	40	2
]	222	2
-	36	2
3	48	2
/	220	2
'	87	2
F	69	2
b	90	2
S	80	2
k	66	2
V	8	2
8	84	2
.	226	2
.	54	2
N	255	2
n	231	2
d	231	2
h	231	2
m	255	2
w	255	2
\x08	88	2
Z	67	2
9	106	2
@	51	2
3	82	2
O	85	2
^	32	2
v	82	2
D	186	2
a	190	2
g	67	2
/	37	2
L	70	2
y	40	2
?	50	2
3	49	2
[	76	2
\x08	93	2
q	82	2
o	252	2
e	192	2
I	186	2
?	67	2
L	84	2
$	223	2
3	32	2
"	39	2
L	192	2
u	190	2
u	57	2
F	186	2
t	57	2
v	68	2
T	76	2
:	73	2
.	55	2
LITERAL_LF	74	2
'	37	2
Y	83	2
h	53	2
2	8	2
r	255	2
z	91	2
-	222	2
'	79	2
j	66	2
ñ	189	2
\x18	88	2
C	231	2
è	231	2
A	74	2
*	33	2
ñ	222	2
z	72	2
u	77	2
µ	181	2
i	252	2
T	38	2
÷	191	2
C	65	2
h	222	2
Z	84	2
o	92	2
\x08	40	2
(	55	2
ì	187	2
T	222	2
O	75	2
m	85	2
P	8	2
A	67	2
9	107	2
v	80	2
y	67	2
æ	186	2
H	191	2
0	73	2
\x12	82	2
n	39	2
$	221	2
*	105	2
 	115	2
i	115	2
:	85	2
U	69	2
1	32	2
 	93	2
;	16	2
 	53	2
þ	231	2
[	231	2
!	93	2
b	16	2
g	220	2
H	68	2
u	16	2
;	75	2
Å	80	2
 	18	2
?	255	2
R	80	2
\x0C	17	2
 	90	2
3	65	2
"	255	2
\\	76	2
p	86	2
1	101	2
S	190	2
u	93	2
g	187	2
y	90	2
à	48	2
j	175	2
E	175	2
H	175	2
y	175	2
ß	189	2
\\	46	2
n	81	2
y	87	2
D	191	2
]	17	2
t	27	2
\x08	190	2
a	96	2
Y	70	2
\x1D	191	2
@	222	2
l	219	2
`	222	2
a	192	2
~	191	2
j	87	2
1	20	2
i	220	2
+	51	2
4	104	2
n	177	2
i	177	2
t	177	2
s	177	2
m	177	2
d	189	2
\x08	123	2
i	109	2
0	85	2
/	78	2
Y	71	2
f	80	2
	219	2
W	68	2
g	87	2
2	231	2
!	231	2
g	16	2
"	188	2
V	90	2
\x13	8	2
[	65	2
\x11	17	2
G	8	2
_	56	2
P	231	2
p	231	2
	165	2
0	191	2
x	87	2
0	231	2
3	231	2
9	102	2
\x0B	75	2
,	231	2
t	93	2
=	57	2
a	252	2
U	255	2
\x08	52	2
é	222	2
a	54	1
J	68	1
F	222	1
S	74	1
P	70	1
Q	20	1
k	56	1
n	16	1
I	72	1
Ñ	186	1
I	66	1
ÿ	89	1
9	87	1
w	57	1
=	32	1
3	78	1
m	81	1
y	222	1
t	46	1
B	46	1
1	46	1
d	46	1
Y	55	1
ã	65	1
Z	69	1
É	69	1
:	72	1
:	189	1
Z	20	1
î	73	1
$	192	1
	190	1
ø	76	1
q	79	1
í	89	1
S	89	1
.	97	1
F	83	1
	18	1
\x08	51	1
1	27	1
7	101	1
]	186	1
s	81	1
è	89	1
Í	16	1
!	89	1
é	87	1
é	76	1
|	221	1
J	8	1
2	56	1
v	84	1
'	75	1
Ü	219	1
[	48	1
d	90	1
H	38	1
s	98	1
/	74	1
C	191	1
P	39	1
Ä	220	1
 	91	1
`	82	1
"	69	1
-	35	1
0	83	1
²	222	1
m	223	1
\x10	16	1
x	191	1
3	220	1
X	20	1
´	82	1
w	186	1
F	220	1
L	32	1
	39	1
7	51	1
,	66	1
K	85	1
.	255	1
Y	73	1
T	37	1
\x1B	16	1
LITERAL_TAB	71	1
:	74	1
[	144	1
\x08	76	1
õ	219	1
+	13	1
±	16	1
%	52	1
·	52	1
D	71	1
7	32	1
ü	191	1
á	222	1
a	187	1
A	85	1
o	56	1
U	70	1
O	87	1
D	192	1
6	72	1
-	93	1
|	66	1
L	90	1
o	53	1
j	55	1
\\	68	1
n	90	1
-	173	1
F	91	1
Y	67	1
LITERAL_TAB	85	1
?	17	1
§	54	1
o	221	1
k	187	1
:	193	1
Ç	186	1
9	68	1
w	74	1
\x08	75	1
1	87	1
v	53	1
E	80	1
y	74	1
e	37	1
h	37	1
6	82	1
R	8	1
5	70	1
=	80	1
\\	89	1
3	191	1
Ö	188	1
u	221	1
\x19	17	1
M	90	1
G	91	1
F	65	1
U	80	1
í	222	1
LITERAL_TAB	82	1
~	72	1
c	187	1
=	81	1
S	81	1
S	93	1
n	99	1
]	91	1
8	50	1
I	191	1
F	84	1
R	85	1
5	97	1
\x1A	91	1
®	82	1
1	79	1
,	226	1
§	191	1
t	189	1
}	16	1
(	38	1
t	39	1
D	90	1
b	80	1
P	32	1
\x7F	8	1
u	226	1
\x16	17	1
à	8	1
c	90	1
6	107	1
Ô	74	1
g	88	1
*	222	1
-	107	1
ë	235	1
s	53	1
l	54	1
,	81	1
V	190	1
K	86	1
ö	77	1
a	93	1
A	79	1
n	51	1
+	33	1
s	37	1
G	255	1
\x08	107	1
ì	73	1
4	186	1
&	89	1
À	16	1
=	71	1
v	75	1
ÿ	32	1
<	75	1
T	79	1
F	85	1
´	221	1
f	48	1
î	221	1
-	191	1
\x08	34	1
I	226	1
\x1C	220	1
F	231	1
L	231	1
.	231	1
Y	231	1
r	54	1
N	84	1
\x08	18	1
s	16	1
'	96	1
r	49	1
g	49	1
g	90	1
C	93	1
O	186	1
Z	255	1
LITERAL_LF	0	1
u	231	1
g	231	1
\x08	35	1
T	93	1
5	49	1
<	76	1
n	192	1
s	56	1
ú	80	1
1	69	1
t	52	1
U	90	1
5	69	1
l	81	1
)	221	1
w	70	1
/	219	1
G	90	1
ö	190	1
,	74	1
,	80	1
l	252	1
r	252	1
h	252	1
»	219	1
?	53	1
a	13	1
q	113	1
y	179	1
ì	231	1
T	220	1
6	50	1
r	88	1
]	85	1
*	79	1
:	68	1
2	54	1
:	77	1
v	90	1
=	182	1
ç	219	1
"	89	1
i	54	1
:	89	1
0	56	1
\x08	91	1
K	188	1
 	40	1
o	110	1
i	110	1
æ	76	1
/	56	1
$	53	1
&	40	1
¨	187	1
"	52	1
/	27	1
U	92	1
_	187	1
=	79	1
@	80	1
.	51	1
	50	1
V	73	1
-	220	1
%	36	1
6	65	1
C	73	1
U	66	1
w	16	1
I	89	1
z	79	1
T	67	1
p	81	1
V	79	1
\\	78	1
9	109	1
]	83	1
t	226	1
O	81	1
>	65	1
j	48	1
c	220	1
r	221	1
X	91	1
0	78	1
m	48	1
7	73	1
x	71	1
c	222	1
Z	82	1
,	72	1
B	85	1
;	90	1
m	86	1
	162	1
LITERAL_TAB	65	1
H	8	1
s	92	1
\x11	65	1
"	8	1
H	53	1
/	81	1
g	255	1
'	255	1
v	255	1
f	255	1
d	255	1
c	80	1
\x01	16	1
0	186	1
\x08	175	1
d	55	1
7	92	1
I	82	1
K	32	1
C	89	1
Y	82	1
ú	221	1
*	16	1
^	16	1
o	174	1
Ø	222	1
é	17	1
ó	17	1
R	76	1
w	45	1
c	77	1
"	76	1
t	86	1
R	87	1
à	219	1
[	69	1
i	221	1
;	48	1
 	56	1
/	69	1
5	86	1
ç	52	1
U	91	1
-	192	1
0	107	1
G	82	1
z	82	1
l	93	1
f	38	1
e	40	1
"	81	1
e	39	1
y	174	1
o	179	1
G	65	1
g	91	1
.	49	1
.	85	1
:	87	1
}	52	1
ù	222	1
t	38	1
b	74	1
;	87	1
5	105	1
3	190	1
e	50	1
_	223	1
9	100	1
1	68	1
u	222	1
%	12	1
a	49	1
Á	65	1
¡	16	1
N	188	1
>	82	1
h	179	1
¬	49	1
'	53	1
\\	69	1
F	87	1
y	88	1
9	52	1
[	20	1
#	65	1
8	111	1
K	191	1
G	76	1
N	79	1
K	190	1
a	51	1
v	89	1
e	226	1
d	16	1
=	87	1
4	89	1
\x08	90	1
'	65	1
n	144	1
?	68	1
9	72	1
\\	93	1
/	72	1
\x1C	17	1
/	76	1
s	110	1
\\	87	1
p	71	1
«	219	1
H	93	1
\x10	72	1
i	0	1
o	37	1
i	40	1
c	66	1
7	12	1
	18	1
P	66	1
o	115	1
å	219	1
:	192	1
d	71	1
8	79	1
{	187	1
]	32	1
D	66	1
(	48	1
1	55	1
ß	83	1
!	221	1
|	84	1
q	91	1
M	70	1
°	192	1
U	68	1
\x08	19	1
?	66	1
\x10	8	1
L	83	1
LITERAL_TAB	84	1
g	80	1
C	90	1
 	187	1
@	8	1
Ü	80	1
Ö	76	1
ß	80	1
\x10	89	1
E	8	1
]	72	1
]	78	1
	27	1
ò	189	1
2	17	1
\x10	32	1
m	39	1
	167	1
Y	255	1
R	255	1
|	65	1
G	68	1
R	83	1
5	110	1
^	219	1
 	96	1
E	86	1
é	144	1
I	80	1
ß	48	1
J	66	1
.	52	1
\\	73	1
?	55	1
M	222	1
e	17	1
P	187	1
G	73	1
w	189	1
	73	1
M	80	1
b	75	1
3	97	1
A	91	1
:	255	1
?	8	1
;	8	1
{	189	1
SCR_LK	125	1
/	67	1
I	8	1
3	84	1
g	83	1
w	86	1
-	92	1
\x10	80	1
=	84	1
-	69	1
m	53	1
4	187	1
=	45	1
\x13	145	1
t	188	1
D	76	1
`	84	1
M	86	1
b	48	1
U	81	1
|	49	1
1	57	1
e	219	1
7	50	1
s	55	1
O	175	1
'	175	1
W	175	1
?	175	1
R	175	1
,	175	1
G	175	1
S	175	1
C	175	1
P	93	1
ù	220	1
D	87	1
D	78	1
.	17	1
Ä	65	1
!	68	1
[	84	1
z	68	1
X	89	1
à	65	1
 	221	1
a	35	1
S	66	1
7	144	1
\x18	17	1
+	220	1
w	27	1
h	27	1
\x1C	226	1
ò	190	1
>	80	1
j	81	1
,	79	1
(	69	1
(	72	1
/	83	1
-	49	1
§	49	1
\x08	39	1
j	118	1
l	187	1
E	34	1
f	77	1
i	55	1
[	66	1
6	70	1
8	48	1
4	189	1
h	77	1
r	191	1
è	219	1
W	204	1
§	48	1
V	82	1
P	13	1
*	8	1
ä	65	1
Ü	186	1
\x07	71	1
?	37	1
q	20	1
9	221	1
ë	69	1
*	219	1
G	83	1
R	53	1
p	188	1
g	39	1
M	67	1
"	77	1
|	90	1
b	187	1
9	89	1
l	55	1
)	73	1
c	190	1
ð	221	1
5	55	1
d	174	1
q	186	1
^	68	1
l	88	1
d	49	1
>	73	1
J	226	1
-	68	1
5	83	1
6	69	1
p	56	1
D	38	1
=	20	1
e	57	1
I	39	1
d	86	1
4	220	1
x	120	1
b	93	1
8	100	1
4	105	1
F	191	1
%	39	1
p	177	1
c	177	1
r	177	1
;	177	1
l	177	1
j	177	1
g	177	1
h	177	1
k	177	1
d	177	1
y	177	1
x	177	1
Y	65	1
	169	1
v	87	1
?	40	1
G	34	1
7	106	1
/	85	1
,	67	1
m	16	1
%	17	1
/	54	1
\x08	86	1
¥	8	1
'	231	1
?	49	1
?	51	1
U	72	1
\x0F	16	1
O	88	1
o	34	1
i	34	1
ì	8	1
\x08	77	1
U	56	1
7	93	1
9	77	1
i	102	1
!	86	1
%	192	1
o	27	1
p	187	1
?	56	1
`	55	1
Q	69	1
v	186	1
T	186	1
r	27	1
m	72	1
W	77	1
N	186	1
\x08	192	1
]	76	1
i	25	1
I	25	1
i	51	1
o	189	1
y	81	1
;	219	1
N	38	1
/	13	1
!	70	1
\x04	16	1
/	84	1
A	93	1
5	51	1
D	231	1
z	220	1
>	17	1
ð	219	1
m	190	1
	187	1
O	32	1
S	222	1
i	92	1
0	192	1
$	46	1
F	90	1
$	16	1
Y	90	1
ç	187	1
2	187	1
[	87	1
U	186	1
1	51	1
m	102	1
v	187	1
j	186	1
)	56	1
_	190	1
W	91	1
Ø	192	1
3	96	1
º	222	1
-	55	1
H	80	1
;	20	1
.	222	1
«	8	1
k	88	1
b	220	1
,	8	1
=	66	1
A	222	1
Z	188	1
M	88	1
*	221	1
ä	189	1
E	66	1
Y	77	1
?	52	1
v	231	1
M	83	1
4	49	1
8	74	1
W	82	1
8	231	1
1	231	1
6	231	1
l	90	1
4	219	1
h	49	1
\x01	49	1
\x08	100	1
8	32	1
q	78	1
\x1B	112	1
[	32	1
*	55	1
`	73	1
t	107	1
l	16	1
7	97	1
^	55	1
Z	49	1
s	102	1
9	101	1
;	68	1
[	190	1
m	220	1
.	193	1
"	80	1
.	66	1
B	90	1
D	80	1
\x08	145	1
w	120	1
y	38	1
"	65	1
´	8	1
K	65	1
K	66	1
!	37	1
a	222	1
w	38	1
L	69	1
ç	56	1
K	255	1
6	48	1
8	189	1
e	16	1
Ù	192	1
M	192	1
m	219	1
E	89	1
\x13	65	1
t	81	1
.	81	1
\x08	53	1
Ý	89	1
.	37	1
J	70	1
G	226	1
	172	1
'	89	1
6	221	1
'	82	1
A	89	1
e	38	1
%	93	1
|	80	1
B	79	1
;	67	1
3	66	1
Î	73	1
G	74	1
1	70	1
<	89	1
K	83	1
\x0E	78	1
G	79	1
\x13	16	1
?	88	1
ö	189	1
±	192	1
ê	69	1
7	66	1
8	102	1
